{"nm":"Flow 3","ddd":0,"h":926,"w":428,"meta":{"g":"LottieFiles Figma v79"},"layers":[{"ty":0,"nm":"Group 1014","sr":1,"st":0,"op":145,"ip":0,"hd":false,"ddd":0,"bm":0,"hasMask":false,"ao":0,"ks":{"a":{"a":1,"k":[{"o":{"x":0.33,"y":1},"i":{"x":0.68,"y":1},"s":[40.11,40.87],"t":0},{"o":{"x":0.33,"y":1},"i":{"x":0.68,"y":1},"s":[50.8,66.08],"t":48},{"o":{"x":0.33,"y":1},"i":{"x":0.68,"y":1},"s":[61.5,91.3],"t":96},{"s":[40.11,40.87],"t":144}]},"s":{"a":0,"k":[100,100]},"sk":{"a":0,"k":0},"p":{"a":1,"k":[{"o":{"x":0.33,"y":1},"i":{"x":0.68,"y":1},"s":[192.61,384.87],"t":0},{"o":{"x":0.33,"y":1},"i":{"x":0.68,"y":1},"s":[203.3,410.08],"t":48},{"o":{"x":0.33,"y":1},"i":{"x":0.68,"y":1},"s":[214,435.3],"t":96},{"s":[192.61,384.87],"t":144}]},"r":{"a":0,"k":0},"sa":{"a":0,"k":0},"o":{"a":0,"k":100}},"w":428,"h":926,"refId":"1","ind":1}],"v":"5.7.0","fr":60,"op":144,"ip":0,"assets":[{"nm":"[Asset] Group 1014","id":"1","layers":[{"ty":4,"nm":"Rectangle 1","sr":1,"st":0,"op":145,"ip":0,"hd":false,"ddd":0,"bm":0,"hasMask":false,"ao":0,"ks":{"a":{"a":0,"k":[40.11,40.87]},"s":{"a":0,"k":[100,100]},"sk":{"a":0,"k":0},"p":{"a":0,"k":[40.11,40.87]},"r":{"a":0,"k":0},"sa":{"a":0,"k":0},"o":{"a":0,"k":100}},"shapes":[{"ty":"sh","bm":0,"hd":false,"nm":"","d":1,"ks":{"a":0,"k":{"c":true,"i":[[0,0],[0,0],[0,0],[0,0],[0,0]],"o":[[0,0],[0,0],[0,0],[0,0],[0,0]],"v":[[45.07,0],[80.22,0],[35.14,81.75],[0,81.75],[45.07,0]]}}},{"ty":"gf","bm":0,"hd":false,"nm":"","e":{"a":1,"k":[{"o":{"x":0.33,"y":1},"i":{"x":0.68,"y":1},"s":[40.108699798583984,81.74530029296875],"t":0},{"o":{"x":0.33,"y":1},"i":{"x":0.68,"y":1},"s":[40.108699798583984,81.74530029296875],"t":48},{"o":{"x":0.33,"y":1},"i":{"x":0.68,"y":1},"s":[40.108699798583984,81.74530029296875],"t":96},{"s":[40.108699798583984,81.74530029296875],"t":144}]},"g":{"p":2,"k":{"a":0,"k":[0,0.000039215686274509805,0.5176862745098039,0.9882745098039215,1,0.001607843137254902,0.24874509803921568,0.4733725490196078]}},"t":1,"a":{"a":0,"k":0},"h":{"a":0,"k":0},"s":{"a":1,"k":[{"o":{"x":0.33,"y":1},"i":{"x":0.68,"y":1},"s":[40.108699798583984,9.666430473327637],"t":0},{"o":{"x":0.33,"y":1},"i":{"x":0.68,"y":1},"s":[40.108699798583984,9.666430473327637],"t":48},{"o":{"x":0.33,"y":1},"i":{"x":0.68,"y":1},"s":[40.108699798583984,9.666430473327637],"t":96},{"s":[40.108699798583984,9.666430473327637],"t":144}]},"r":1,"o":{"a":0,"k":100}}],"ind":1},{"ty":4,"nm":"Rectangle 2","sr":1,"st":0,"op":145,"ip":48,"hd":false,"ddd":0,"bm":0,"hasMask":false,"ao":0,"ks":{"a":{"a":1,"k":[{"o":{"x":0.167,"y":0.167},"i":{"x":0.833,"y":0.833},"s":[0,0],"t":0},{"o":{"x":0.33,"y":1},"i":{"x":0.68,"y":1},"s":[40.11,40.87],"t":48},{"s":[40.11,40.87],"t":96}]},"s":{"a":0,"k":[100,100]},"sk":{"a":0,"k":0},"p":{"a":1,"k":[{"o":{"x":0.167,"y":0.167},"i":{"x":0.833,"y":0.833},"s":[0,0],"t":0},{"o":{"x":0.33,"y":1},"i":{"x":0.68,"y":1},"s":[61.5,91.3],"t":48},{"s":[61.5,91.3],"t":96}]},"r":{"a":0,"k":0},"sa":{"a":0,"k":0},"o":{"a":1,"k":[{"o":{"x":0.167,"y":0.167},"i":{"x":0.833,"y":0.833},"s":[100],"t":0},{"o":{"x":0.33,"y":1},"i":{"x":0.68,"y":1},"s":[100],"t":48},{"o":{"x":0.33,"y":1},"i":{"x":0.68,"y":1},"s":[100],"t":96},{"s":[0],"t":144}]}},"shapes":[{"ty":"sh","bm":0,"hd":false,"nm":"","d":1,"ks":{"a":0,"k":{"c":true,"i":[[0,0],[0,0],[0,0],[0,0],[0,0]],"o":[[0,0],[0,0],[0,0],[0,0],[0,0]],"v":[[45.07,0],[80.22,0],[35.14,81.75],[0,81.75],[45.07,0]]}}},{"ty":"gf","bm":0,"hd":false,"nm":"","e":{"a":1,"k":[{"o":{"x":0.33,"y":1},"i":{"x":0.68,"y":1},"s":[40.108699798583984,81.74530029296875],"t":0},{"o":{"x":0.33,"y":1},"i":{"x":0.68,"y":1},"s":[40.108699798583984,81.74530029296875],"t":48},{"s":[40.108699798583984,81.74530029296875],"t":96}]},"g":{"p":2,"k":{"a":0,"k":[0,0.000039215686274509805,0.5176862745098039,0.9882745098039215,1,0.001607843137254902,0.24874509803921568,0.4733725490196078]}},"t":1,"a":{"a":0,"k":0},"h":{"a":0,"k":0},"s":{"a":1,"k":[{"o":{"x":0.33,"y":1},"i":{"x":0.68,"y":1},"s":[40.108699798583984,9.666430473327637],"t":0},{"o":{"x":0.33,"y":1},"i":{"x":0.68,"y":1},"s":[40.108699798583984,9.666430473327637],"t":48},{"s":[40.108699798583984,9.666430473327637],"t":96}]},"r":1,"o":{"a":0,"k":100}}],"ind":2},{"ty":4,"nm":"Rectangle 3","sr":1,"st":0,"op":145,"ip":96,"hd":false,"ddd":0,"bm":0,"hasMask":false,"ao":0,"ks":{"a":{"a":1,"k":[{"o":{"x":0.167,"y":0.167},"i":{"x":0.833,"y":0.833},"s":[0,0],"t":0},{"s":[40.11,40.87],"t":96}]},"s":{"a":0,"k":[100,100]},"sk":{"a":0,"k":0},"p":{"a":1,"k":[{"o":{"x":0.167,"y":0.167},"i":{"x":0.833,"y":0.833},"s":[0,0],"t":0},{"s":[82.89,141.72],"t":96}]},"r":{"a":0,"k":0},"sa":{"a":0,"k":0},"o":{"a":1,"k":[{"o":{"x":0.167,"y":0.167},"i":{"x":0.833,"y":0.833},"s":[100],"t":0},{"o":{"x":0.33,"y":1},"i":{"x":0.68,"y":1},"s":[100],"t":96},{"s":[0],"t":144}]}},"shapes":[{"ty":"sh","bm":0,"hd":false,"nm":"","d":1,"ks":{"a":0,"k":{"c":true,"i":[[0,0],[0,0],[0,0],[0,0],[0,0]],"o":[[0,0],[0,0],[0,0],[0,0],[0,0]],"v":[[45.07,0],[80.22,0],[35.14,81.75],[0,81.75],[45.07,0]]}}},{"ty":"gf","bm":0,"hd":false,"nm":"","e":{"a":1,"k":[{"o":{"x":0.33,"y":1},"i":{"x":0.68,"y":1},"s":[40.108699798583984,81.74530029296875],"t":0},{"s":[40.108699798583984,81.74530029296875],"t":96}]},"g":{"p":2,"k":{"a":0,"k":[0,0.000039215686274509805,0.5176862745098039,0.9882745098039215,1,0.001607843137254902,0.24874509803921568,0.4733725490196078]}},"t":1,"a":{"a":0,"k":0},"h":{"a":0,"k":0},"s":{"a":1,"k":[{"o":{"x":0.33,"y":1},"i":{"x":0.68,"y":1},"s":[40.108699798583984,9.666430473327637],"t":0},{"s":[40.108699798583984,9.666430473327637],"t":96}]},"r":1,"o":{"a":0,"k":100}}],"ind":3}]}]}